<permission_mappings>
  <permission name='/admin/home.html'>
    <implies allow="get">/ws/schema/table/U_PPCM_REQUESTS</implies>
    <implies allow="get">/ws/schema/table/U_PPCM_REQUESTS/#</implies>
    <implies allow="get">/ws/schema/table/U_PPCM_REQUESTS/count</implies>
    <implies allow="post">/ws/schema/table/U_PPCM_REQUESTS</implies>
    <implies allow="put">/ws/schema/table/U_PPCM_REQUESTS/#</implies>
    <implies allow="delete">/ws/schema/table/U_PPCM_REQUESTS/#</implies>
  </permission>
  <permission name='/guardian/studentcontacts/home.html'>
   <implies allow="post">/ws/schema/query/com.pearson.core.plugin.plugins_with_assets</implies>
  </permission>
</permission_mappings>