<queries>
	<query name="edu.alsde.students.contacts.managecontactsimport" flattened="true" coreTable="U_SCD_X">
		<summary>ALSDE Contact Management: Manage Contacts Import</summary>
		<columns>
			<column column="studentcontactdetail.studentcontactdetailid">STUDENTCSTUDENTCONTACTDETAILID</column>
			<column column="studentcontactdetail.studentcontactdetailid">MANAGECONTACTS</column>
		</columns>
		<sql>
			<![CDATA[
				select
					scd.studentcontactdetailid studentcstudentcontactdetailid,
					1 ManageContacts
				from
					studentcontactdetail scd
					join studentcontactassoc sca on scd.studentcontactassocid = sca.studentcontactassocid
					join students stu on sca.studentdcid = stu.dcid
				where
					stu.enroll_status = 0
					and scd.iscustodial = 1
			]]>
		</sql>
	</query>
</queries>