[~[tlist_sql;

SELECT 

paa.PersonAddressAssocID AS "FIELD01",
pa.personaddressid AS "FIELD02",
paa.AddressPriorityOrder AS "FIELD03",
paa.StartDate AS "FIELD04",
paa.EndDate AS "FIELD05",
csAddressType.displayvalue AS "FIELD06",
pa.Street AS "FIELD07",
pa.LineTwo AS "FIELD08",
pa.Unit AS "FIELD09",
pa.City AS "FIELD10",
csStateCode.code AS "FIELD11",
pa.PostalCode AS "FIELD12",
csCountryCode.displayvalue AS "FIELD13",
pa.StatesCodesetID AS "FIELD14",
csAddressType.code AS "FIELD15",
csAddressType.codesetId AS "FIELD16"

FROM PersonAddressAssoc paa

JOIN PersonAddress pa ON pa.personaddressid = paa.personaddressid
JOIN codeset csAddressType ON csAddressType.codesetid = paa.AddressTypeCodeSetID
JOIN codeset csStateCode ON csStateCode.codesetid = pa.StatesCodesetID
JOIN codeset csCountryCode ON csCountryCode.codesetid = pa.CountryCodeSetID

WHERE
paa.personId = ~[gpv:personid]

ORDER BY 
paa.AddressPriorityOrder ASC

]{
    "personaddressassocId": "~(FIELD01;json)",
    "personaddressId": "~(FIELD02;json)",
    "priorityOrder": "~(FIELD03;json)",
    "startDate": "~(FIELD04;json)",
    "endDate": "~(FIELD05;json)",
    "addressType": "~(FIELD06;json)",
    "street": "~(FIELD07;json)",
    "linetwo": "~(FIELD08;json)",
    "unit": "~(FIELD09;json)",
    "city": "~(FIELD10;json)",
    "state": "~(FIELD11;json)",
    "postalcode": "~(FIELD12;json)",
    "country": "~(FIELD13;json)",
    "statecodesetId": "~(FIELD14;json)",
    "addresstypeCode": "~(FIELD15;json)",
    "addresstypecodesetId": "~(FIELD16;json)"
},[/tlist_sql]{}]