[~[tlist_sql;

SELECT 
    cs.AlternateCode1 AS "FIELD01",
    cs.AlternateCode2 AS "FIELD02",
    cs.Code AS "FIELD03",
    cs.CodeSetID AS "FIELD04",
    cs.CodeType AS "FIELD05",
    cs.Description AS "FIELD06",
    cs.DisplayValue AS "FIELD07",
    cs.EffectiveEndDate AS "FIELD08",
    cs.EffectiveStartDate AS "FIELD09",
    cs.ReportedValue AS "FIELD10",
    cs.UIDisplayOrder AS "FIELD11"
FROM
    codeset cs

WHERE
    cs.codetype LIKE '~[gpv:type]'
    AND ((cs.effectiveenddate >= SYSDATE) OR (cs.effectiveenddate IS NULL))
ORDER BY
    cs.UIDisplayOrder

]{
    "alternatecodeOne": "~(FIELD01;json)",
    "aleternatecodeTwo": "~(FIELD02;json)",
    "code": "~(FIELD03;json)",
    "codesetId": "~(FIELD04;json)",
    "codeType": "~(FIELD05;json)",
    "description": "~(FIELD06;json)",
    "displayValue": "~(FIELD07;json)",
    "effectiveEndDate": "~(FIELD08;json)",
    "effectiveStartDate": "~(FIELD09;json)",
    "reportedValue": "~(FIELD10;json)",
    "displayOrder": "~(FIELD11;json)"
},[/tlist_sql]{}]