[~[tlist_sql;

SELECT 

--reqs.ADDRESSTYPECODESETID AS "FIELD01",
--reqs.CITY AS "FIELD02",
--reqs.EMAILADDRESS AS "FIELD03",
--reqs.EMAILADDRESSID AS "FIELD04",
--reqs.EMAILTYPECODESETID AS "FIELD05",
--reqs.FIRSTNAME AS "FIELD06",
--reqs.LASTNAME AS "FIELD07",
--reqs.LINETWO AS "FIELD08",
--reqs.MIDDLENAME AS "FIELD09",
--reqs.PERSONADDRESSASSOCID AS "FIELD10",
--reqs.PERSONADDRESSID AS "FIELD11",
--reqs.PERSONEMAILADDRESSASSOCID AS "FIELD12",
reqs.PERSONID AS "FIELD13",
--reqs.PERSONPHONENUMBERASSOCID AS "FIELD14",
--reqs.PHONENUMBERASENTERED AS "FIELD15",
--reqs.PHONENUMBERID AS "FIELD16",
--reqs.PHONETYPECODESETID AS "FIELD17",
--reqs.POSTALCODE AS "FIELD18",
--reqs.STATECODESETID AS "FIELD19",
--reqs.STREET AS "FIELD20",
--reqs.UNIT AS "FIELD21",
reqs.requestedby AS "FIELD22",
ppuser.firstname AS "FIELD23",
ppuser.lastname AS "FIELD24",
reqs.id AS "FIELD25",
reqs.studentschoolId AS "FIELD26",
TO_CHAR(reqs.whencreated, 'MM/DD/YYYY HH' || chr(58) || 'MI AM') AS "FIELD27",
--csStateCode.code AS "FIELD28",
--csEmailType.displayvalue AS "FIELD29",
--csEmailType.code AS "FIELD30",
--csPhoneType.displayvalue AS "FIELD31",
--csPhoneType.code AS "FIELD32",
--csAddressType.displayvalue AS "FIELD33",
--csAddressType.code AS "FIELD34",
reqs.requestjson AS "FIELD35"

FROM U_PPCM_REQUESTS reqs

LEFT JOIN guardian g ON reqs.REQUESTEDBY = g.guardianID
LEFT JOIN guardianpersonassoc gpa ON gpa.guardianid = g.guardianid
LEFT JOIN person ppuser ON ppuser.id = gpa.personid
--LEFT JOIN codeset csStateCode ON csStateCode.codesetid = reqs.STATECODESETID
--LEFT JOIN codeset csEmailType ON csEmailType.codesetid = reqs.EMAILTYPECODESETID
--LEFT JOIN codeset csPhoneType ON csPhoneType.codesetid = reqs.PHONETYPECODESETID
--LEFT JOIN codeset csAddressType ON csAddressType.codesetid = reqs.ADDRESSTYPECODESETID

WHERE (NVL(reqs.completed,0) = 0 and NVL(reqs.deleted,0) = 0)
~[if.gpv.type=add]
AND 
json_value(requestjson, '$.personId') = '-1'
[/if]
~[if.gpv.type=update]
AND 
json_value(requestjson, '$.personId') <> '-1'
[/if]

~[if.~(curschoolid)<>0]
	AND reqs.studentschoolId = ~(curschoolid)
[/if]

ORDER BY reqs.PERSONID, reqs.ID DESC

]{
    "personId": "~(FIELD13;json)",
    "requestedbyId": "~(FIELD22;json)",
    "requestedbyfirstname": "~(FIELD23;json)",
    "requestedbylastname": "~(FIELD24;json)",
    "requestId": "~(FIELD25;json)",
    "studentschoolId": "~(FIELD26;json)",
    "requestedwhen": "~(FIELD27;json)",
    "requestJson": "~(FIELD35;json)"
},[/tlist_sql]{}]