[~[tlist_sql;

SELECT 

case 
    when scdx.managecontacts is null then 0 
    when scdx.managecontacts = 0 then 0 
    else 1 end AS "FIELD01",
p.id AS "FIELD02",
sca.studentdcid AS "FIELD03",
scd.StudentContactDetailID AS "FIELD04",
sca.StudentContactAssocID AS "FIELD05",
p.firstname AS "FIELD06",
p.middlename AS "FIELD07",
p.lastname AS "FIELD08",
csrel.code AS "FIELD09",
scd.iscustodial AS "FIELD10",
scd.liveswithflg AS "FIELD11",
scd.schoolpickupflg AS "FIELD12",
scd.isemergency AS "FIELD13",
TO_CHAR(scd.startdate,'MM/DD/YYYY') AS "FIELD14",
TO_CHAR(scd.enddate,'MM/DD/YYYY') AS "FIELD15",
case 
    when g.accountidentifier is null then 0 
    else 1 end AS "FIELD16",
g.guardianid AS "FIELD17"

FROM person p

 LEFT JOIN guardianpersonassoc gpa ON p.id = gpa.personid
 LEFT JOIN guardian g ON g.guardianid = gpa.guardianid
 JOIN studentcontactassoc sca ON p.id = sca.personid
 JOIN codeset csrel ON csrel.codesetid = sca.currreltypecodesetid
 JOIN studentcontactdetail scd ON sca.studentcontactassocid = scd.studentcontactassocid
 LEFT JOIN u_scd_x scdx ON scd.studentcontactdetailid = scdx.studentcstudentcontactdetailid

WHERE
sca.studentdcid = ~[gpv:studentrn]

ORDER BY
sca.ContactPriorityOrder asc

]{
    "canManageContacts": "~(FIELD01;json)",
    "personId": "~(FIELD02;json)",
    "studentDcid": "~(FIELD03;json)",
    "studentContactDetailId": "~(FIELD04;json)",
    "studentContactAssocId": "~(FIELD05;json)",
    "nameFirst": "~(FIELD06;json)",
    "nameMiddle": "~(FIELD07;json)",
    "nameLast": "~(FIELD08;json)",
    "relationType": "~(FIELD09;json)",
    "hasCustody": "~(FIELD10;json)",
    "livesWith": "~(FIELD11;json)",
    "canPickup": "~(FIELD12;json)",
    "isEmergency": "~(FIELD13;json)",
    "startDate": "~(FIELD14;json)",
    "endDate": "~(FIELD15;json)",
    "hasDataAccess": "~(FIELD16;json)",
    "guardianId": "~(FIELD17;json)",
    "whenVerified": "",
    "whoVerified": ""
    
},[/tlist_sql]{}]