[~[tlist_sql;

SELECT 

pea.PersonEmailAddressAssocID AS "FIELD01",
ea.EmailAddressID AS "FIELD02",
pea.EmailAddressPriorityOrder AS "FIELD03",
pea.IsPrimaryEmailAddress AS "FIELD04",
cs.displayvalue AS "FIELD05",
ea.EmailAddress AS "FIELD06",
cs.codesetid AS "FIELD07",
cs.code AS "FIELD08"

FROM PersonEmailAddressAssoc pea

JOIN EmailAddress ea ON ea.emailaddressid = pea.emailaddressid
JOIN codeset cs ON cs.codesetid = pea.EmailTypeCodeSetID

WHERE
pea.personId = ~[gpv:personid]

]{
    "emailaddressassocId": "~(FIELD01;json)",
    "emailaddressId": "~(FIELD02;json)",
    "priorityOrder": "~(FIELD03;json)",
    "isPrimary": "~(FIELD04;json)",
    "emailType": "~(FIELD05;json)",
    "emailAddress": "~(FIELD06;json)",
    "emailTypeCodeSetId": "~(FIELD07;json)",
    "emailTypeCode": "~(FIELD08;json)"
},[/tlist_sql]{}]