[~[tlist_sql;
SELECT 

p.id AS "FIELD01",
p.firstname AS "FIELD02",
p.middlename AS "FIELD03",
p.lastname AS "FIELD04",
csPrefix.code AS "FIELD05",
csSuffix.code AS "FIELD06",
p.isactive AS "FIELD07"

~[if.gpv.searchby=name]
FROM person p

LEFT JOIN codeset csPrefix ON p.prefixcodesetid = csPrefix.codesetid
LEFT JOIN codeset csSuffix ON p.suffixcodesetid = csSuffix.codesetid

WHERE p.firstname LIKE '%~[gpv:firstname;;replace=ascii(39),ascii(39)ascii(39);tagText]%'
AND p.lastname LIKE '%~[gpv:lastname;;replace=ascii(39),ascii(39)ascii(39);tagText]%'
[/if]

~[if.gpv.searchby=phone]
FROM PhoneNumber phone

LEFT JOIN PersonPhoneNumberAssoc ppa ON phone.phonenumberid = ppa.phonenumberid
LEFT JOIN Person p ON ppa.personid = p.id
LEFT JOIN codeset csPrefix ON p.prefixcodesetid = csPrefix.codesetid
LEFT JOIN codeset csSuffix ON p.suffixcodesetid = csSuffix.codesetid

WHERE phone.phonenumber = '~[gpv:phone;;replace=ascii(45),;tagText]'
[/if]
~[if.gpv.searchby=email]
FROM EmailAddress ea

LEFT JOIN PersonEmailAddressAssoc pea ON ea.emailaddressid = pea.emailaddressid
LEFT JOIN Person p ON pea.personid = p.id
LEFT JOIN codeset csPrefix ON p.prefixcodesetid = csPrefix.codesetid
LEFT JOIN codeset csSuffix ON p.suffixcodesetid = csSuffix.codesetid

WHERE ea.emailaddress = '~[gpv:email;tagText]'

[/if]
]{
    "personId": "~(FIELD01;json)",
    "firstname": "~(FIELD02;json)",
    "middlename": "~(FIELD03;json)",
    "lastname": "~(FIELD04;json)",
    "prefix": "~(FIELD05;json)",
    "suffix": "~(FIELD06;json)",
    "active": "~(FIELD07;json)"
},[/tlist_sql]{}]