[~[tlist_sql;

SELECT 

case 
    when scdx.definitivecontact is null then 0 
    when scdx.definitivecontact = 0 then 0 
    else 1 end AS "FIELD01",
p.id AS "FIELD02",
p.firstname AS "FIELD03",
p.middlename AS "FIELD04",
p.lastname AS "FIELD05"

FROM person p

 JOIN studentcontactassoc sca ON p.id = sca.personid
 JOIN studentcontactdetail scd ON sca.studentcontactassocid = scd.studentcontactassocid
 LEFT JOIN u_scd_x scdx ON scd.studentcontactdetailid = scdx.studentcstudentcontactdetailid

WHERE
p.id = ~[gpv:pid]

]{
    "definitiveContact": "~(FIELD01;json)",
    "personId": "~(FIELD02;json)",
    "firstname": "~(FIELD03;json)",
    "middlename": "~(FIELD04;json)",
    "lastname": "~(FIELD05;json)"
},[/tlist_sql]{}]