[~[tlist_sql;

SELECT 

p.id AS "FIELD01",
p.firstname AS "FIELD02",
p.middlename AS "FIELD03",
p.lastname AS "FIELD04",
p.prefixcodesetid AS "FIELD05",
p.suffixcodesetid AS "FIELD06",
p.gendercodesetid AS "FIELD07",
pla.languagecodesetid AS "FIELD08",
pcf.DOB AS "FIELD09",
pcf.race AS "FIELD10",
p.employer AS "FIELD11"

FROM person p

LEFT JOIN personlanguageassoc pla ON p.id = pla.personid
LEFT JOIN personcorefields pcf ON p.id = pcf.personid

WHERE
p.id = ~[gpv:personid]

]{
    "personId": "~(FIELD01;json)",
    "firstname": "~(FIELD02;json)",
    "middlename": "~(FIELD03;json)",
    "lastname": "~(FIELD04;json)",
    "prefixcodesetid": "~(FIELD05;json)",
    "suffixcodesetid": "~(FIELD06;json)",
    "gendercodesetid": "~(FIELD07;json)",
    "languagecodesetid": "~(FIELD08;json)",
    "dob": "~(FIELD09;json)",
    "race": "~(FIELD10;json)",
    "employer": "~(FIELD11;json)"
},[/tlist_sql]{}]