[~[tlist_sql;

WITH alcounties AS (SELECT DISTINCT
u_al_schools.countyfipscode,
u_al_schools.countyname
FROM
u_al_schools)

SELECT 

paa.PersonAddressAssocID AS "FIELD01",
pa.personaddressid AS "FIELD02",
paa.AddressPriorityOrder AS "FIELD03",
paa.StartDate AS "FIELD04",
paa.EndDate AS "FIELD05",
csAddressType.code AS "FIELD06",
pa.Street AS "FIELD07",
pa.LineTwo AS "FIELD08",
pa.Unit AS "FIELD09",
pa.City AS "FIELD10",
csStateCode.code AS "FIELD11",
pa.PostalCode AS "FIELD12",
csCountryCode.displayvalue AS "FIELD13",
paa.AddressTypeCodeSetID AS "FIELD14",
csStateCode.codesetid AS "FIELD15",
pacf.County AS "FIELD16",
ac.countyname AS "FIELD17",
csCountryCode.codesetid AS "FIELD18",
csCountyCode.codesetid AS "FIELD19"

FROM PersonAddressAssoc paa

JOIN PersonAddress pa ON pa.personaddressid = paa.personaddressid
LEFT JOIN PersonAddressCoreFields pacf ON pacf.personaddresspersonaddressid = paa.personaddressid
LEFT JOIN codeset csAddressType ON csAddressType.codesetid = paa.AddressTypeCodeSetID
LEFT JOIN codeset csStateCode ON csStateCode.codesetid = pa.StatesCodesetID
LEFT JOIN codeset csCountyCode ON csCountyCode.codesetid = pa.CountyCodeSetId
LEFT JOIN codeset csCountryCode ON csCountryCode.codesetid = pa.CountryCodeSetID
LEFT JOIN alcounties ac ON ac.countyfipscode = pacf.County

WHERE
paa.personId = ~(gpv.personid;tagText)

ORDER BY 
paa.AddressPriorityOrder ASC

]{
    "personaddressassocId": "~(FIELD01;json)",
    "personaddressId": "~(FIELD02;json)",
    "priorityOrder": "~(FIELD03;json)",
    "startDate": "~(FIELD04;json)",
    "endDate": "~(FIELD05;json)",
    "addressTypeCode": "~(FIELD06;json)",
    "street": "~(FIELD07;json)",
    "linetwo": "~(FIELD08;json)",
    "unit": "~(FIELD09;json)",
    "city": "~(FIELD10;json)",
    "state": "~(FIELD11;json)",
    "postalcode": "~(FIELD12;json)",
    "country": "~(FIELD13;json)",
    "addressTypeCodeSetId": "~(FIELD14;json)",
    "statecodesetId": "~(FIELD15;json)",
    "countyNumber": "~(FIELD16;json)",
    "countyName": "~(FIELD17;json)",
    "countrycodesetId": "~(FIELD18;json)",
    "countycodesetId": "~(FIELD19;json)"
},[/tlist_sql]{}]