[~[tlist_sql;

SELECT 

p.id AS "FIELD01",
p.firstname AS "FIELD02",
p.middlename AS "FIELD03",
p.lastname AS "FIELD04",
case 
    when g.accountidentifier is null then 0 
    else 1 end AS "FIELD05",
g.guardianid AS "FIELD06",
p.prefixcodesetid AS "FIELD07",
p.suffixcodesetid AS "FIELD08",
p.gendercodesetid AS "FIELD09",
pla.languagecodesetid AS "FIELD10",
pcf.DOB AS "FIELD11",
pcf.race AS "FIELD12",
p.employer AS "FIELD13",
p.isactive AS "FIELD14"

FROM person p

 LEFT JOIN guardianpersonassoc gpa ON p.id = gpa.personid
 LEFT JOIN guardian g ON g.guardianid = gpa.guardianid
 LEFT JOIN personlanguageassoc pla ON p.id = pla.personid
 LEFT JOIN personcorefields pcf ON p.id = pcf.personid
 --JOIN studentcontactassoc sca ON p.id = sca.personid
 --JOIN codeset csrel ON csrel.codesetid = sca.currreltypecodesetid
 --JOIN studentcontactdetail scd ON sca.studentcontactassocid = scd.studentcontactassocid
 --LEFT JOIN u_scd_x scdx ON scd.studentcontactdetailid = scdx.studentcstudentcontactdetailid

WHERE
p.id = ~[gpv:pid]

]{
    "personId": "~(FIELD01;json)",
    "nameFirst": "~(FIELD02;json)",
    "nameMiddle": "~(FIELD03;json)",
    "nameLast": "~(FIELD04;json)",
    "hasDataAccess": "~(FIELD05;json)",
    "guardianId": "~(FIELD06;json)",
    "prefixcodesetId": "~(FIELD07;json)",
    "suffixcodesetId": "~(FIELD08;json)",
    "gendercodesetId": "~(FIELD09;json)",
    "languagecodesetId": "~(FIELD10;json)",
    "dob": "~(FIELD11;json)",
    "raceValue": "~(FIELD12;json)",
    "employer": "~(FIELD13;json)",
    "isactive": "~(FIELD14;json)",
    "whenVerified": "",
    "whoVerified": ""
    
},[/tlist_sql]{}]