[~[tlist_sql;

SELECT 

ppa.PersonPhoneNumberAssocID AS "FIELD01",
ppa.PhoneNumberID AS "FIELD02",
ppa.IsPreferred AS "FIELD03",
ppa.PhoneNumberAsEntered AS "FIELD04",
ppa.PhoneNumberPriorityOrder AS "FIELD05",
csPhoneType.code AS "FIELD06",
phone.IsSMS AS "FIELD07",
phone.PhoneNumber AS "FIELD08",
phone.PhoneNumberExt AS "FIELD09",
ppa.PhoneTypeCodeSetID AS "FIELD10"

FROM PersonPhoneNumberAssoc ppa

JOIN PhoneNumber phone ON phone.PhoneNumberID = ppa.PhoneNumberID
JOIN codeset csPhoneType ON csPhoneType.codesetid = ppa.PhoneTypeCodeSetID

WHERE
ppa.personId = ~[gpv:personid]

ORDER BY 
ppa.PhoneNumberPriorityOrder ASC

]{
    "personphonenumberassocId": "~(FIELD01;json)",
    "phonenumberId": "~(FIELD02;json)",
    "isPreferred": "~(FIELD04;json)",
    "phonenumberAsEntered": "~(FIELD05;json)",
    "priorityOrder": "~(FIELD03;json)",
    "phoneType": "~(FIELD06;json)",
    "isSMS": "~(FIELD07;json)",
    "phonenumber": "~(FIELD08;json)",
    "ext": "~(FIELD09;json)",
    "phoneTypeCodeSetId": "~(FIELD10;json)"
},[/tlist_sql]{}]