[~[tlist_sql;

SELECT 

reqs.ADDRESSTYPECODESETID AS "FIELD01",
reqs.CITY AS "FIELD02",
reqs.EMAILADDRESS AS "FIELD03",
reqs.EMAILADDRESSID AS "FIELD04",
reqs.EMAILTYPECODESETID AS "FIELD05",
reqs.FIRSTNAME AS "FIELD06",
reqs.LASTNAME AS "FIELD07",
reqs.LINETWO AS "FIELD08",
reqs.MIDDLENAME AS "FIELD09",
reqs.PERSONADDRESSASSOCID AS "FIELD10",
reqs.PERSONADDRESSID AS "FIELD11",
reqs.PERSONEMAILADDRESSASSOCID AS "FIELD12",
reqs.PERSONID AS "FIELD13",
reqs.PERSONPHONENUMBERASSOCID AS "FIELD14",
reqs.PHONENUMBERASENTERED AS "FIELD15",
reqs.PHONENUMBERID AS "FIELD16",
reqs.PHONETYPECODESETID AS "FIELD17",
reqs.POSTALCODE AS "FIELD18",
reqs.STATECODESETID AS "FIELD19",
reqs.STREET AS "FIELD20",
reqs.UNIT AS "FIELD21"

FROM U_PPCM_REQUESTS reqs

WHERE
reqs.personId = ~[gpv:personid]
AND NVL(reqs.completed,0) = 0 
AND NVL(reqs.deleted,0) = 0

]{
    "addressTypeCodesetId": "~(FIELD01;json)",
    "city": "~(FIELD02;json)",
    "emailAddress": "~(FIELD03;json)",
    "emailAddressId": "~(FIELD04;json)",
    "emailTypeCodesetId": "~(FIELD05;json)",
    "firstName": "~(FIELD06;json)",
    "lastName": "~(FIELD07;json)",
    "lineTwo": "~(FIELD08;json)",
    "middleName": "~(FIELD09;json)",
    "personAddressAssocId": "~(FIELD10;json)",
    "personAddressId": "~(FIELD11;json)",
    "personEmailAddressAssocId": "~(FIELD12;json)",
    "personId": "~(FIELD13;json)",
    "personPhoneNumberAssocId": "~(FIELD14;json)",
    "phoneNumberAsEntered": "~(FIELD15;json)",
    "phoneNumberId": "~(FIELD16;json)",
    "phoneTypeCodesetId": "~(FIELD17;json)",
    "postalCode": "~(FIELD18;json)",
    "stateCodesetId": "~(FIELD19;json)",
    "street": "~(FIELD20;json)",
    "unit": "~(FIELD21;json)"
},[/tlist_sql]{}]