<?xml version="1.0" encoding="UTF-8" standalone="yes"?>
<psExtension xmlns="http://www.powerschool.com" xmlns:xsi="http://www.w3.org/2001/XMLSchema-instance" xsi:schemaLocation="http://www.powerschool.com psextension.xsd">
    <extensionname>U_PPCM_REQUESTS</extensionname>
    <extendedTable type="standalone" dbTableName="U_PPCM_REQUESTS" childName="U_PPCM_REQUESTS" comment="Parent Portal Contact Management Requests">
        <field name="FirstName" type="String" length="100" comment="From Person table"/>
        <field name="City" type="String" length="100" comment="From PersonAddress table"/>
        <field name="ADDRESSTYPECODESETID" type="Long" comment="From PersonAddressAssoc table"/>
        <field name="PhoneNumberAsEntered" type="String" length="50" comment="From PersonPhoneNumberAssoc table"/>
        <field name="STUDENTSCHOOLID" type="Long" comment="From Students table"/>
        <field name="REQUESTEDBY" type="Long" comment="PersonID from Person table"/>
        <field name="PersonEmailAddressAssocID" type="Long" comment="From PersonEmailAddressAssoc table"/>
        <field name="LineTwo" type="String" length="100" comment="From PersonAddress table"/>
        <field name="PostalCode" type="String" length="10" comment="From PersonAddress table"/>
        <field name="Street" type="String" length="100" comment="From PersonAddress table"/>
        <field name="PhoneNumberID" type="Long" comment="From PersonPhoneNumberAssoc table"/>
        <field name="PersonID" type="Long" comment="From Person table"/>
        <field name="EMAILTYPECODESETID" type="Long" comment="From PersonEmailAddressAssoc table"/>
        <field name="REQUESTJSON" type="Clob"/>
        <field name="PersonAddressID" type="Long" comment="From PersonAddress table"/>
        <field name="PHONETYPECODESETID" type="Long" comment="From PersonPhoneNumberAssoc table"/>
        <field name="MiddleName" type="String" length="100" comment="From Person table"/>
        <field name="EmailAddress" type="String" length="255" comment="From EmailAddress table"/>
        <field name="PersonPhoneNumberAssocID" type="Long" comment="From PersonPhoneNumberAssoc table"/>
        <field name="Completed" type="Boolean"/>
        <field name="STATECODESETID" type="Long" comment="From PersonAddress table"/>
        <field name="LastName" type="String" length="100" comment="From Person table"/>
        <field name="EmailAddressID" type="Long" comment="From EmailAddress table"/>
        <field name="Unit" type="String" length="30" comment="From PersonAddress table"/>
        <field name="Deleted" type="Boolean"/>
        <field name="namesuffixcodesetid" type="Long"/>
        <field name="PersonAddressAssocID" type="Long" comment="From PersonAddressAssoc table"/>
    </extendedTable>
</psExtension>
